{
  "kafka_load_10u": {
    "reqs": 1916,
    "fails": 0,
    "p50": 15.0,
    "p95": 190.0,
    "p99": 350.0,
    "rps": 32.47117581399328
  },
  "kafka_load_30u": {
    "reqs": 5579,
    "fails": 0,
    "p50": 16.0,
    "p95": 350.0,
    "p99": 580.0,
    "rps": 94.39174863930187
  },
  "kafka_load_60u": {
    "reqs": 9719,
    "fails": 0,
    "p50": 18.0,
    "p95": 670.0,
    "p99": 1700.0,
    "rps": 164.39203977373296
  },
  "kafka_load_100u": {
    "reqs": 12969,
    "fails": 0,
    "p50": 19.0,
    "p95": 710.0,
    "p99": 5100.0,
    "rps": 219.3920125997229
  },
  "cache_warm": {
    "reqs": 4922,
    "fails": 0,
    "p50": 16.0,
    "p95": 750.0,
    "p99": 1600.0,
    "rps": 83.28371303256169
  },
  "cache_cold": {
    "reqs": 4937,
    "fails": 0,
    "p50": 16.0,
    "p95": 820.0,
    "p99": 1400.0,
    "rps": 83.54786935729386
  },
  "overhead_baseline": {
    "reqs": 123,
    "fails": 0,
    "p50": 14.0,
    "p95": 530.0,
    "p99": 610.0,
    "rps": 2.1062704471833813
  },
  "overhead_medium": {
    "reqs": 3302,
    "fails": 0,
    "p50": 16.0,
    "p95": 720.0,
    "p99": 1200.0,
    "rps": 55.88695062658422
  },
  "threshold_low": {
    "reqs": 1063,
    "fails": 0,
    "p50": 14.0,
    "p95": 650.0,
    "p99": 820.0,
    "rps": 18.000696192130878
  },
  "threshold_high": {
    "reqs": 12009,
    "fails": 0,
    "p50": 19.0,
    "p95": 760.0,
    "p99": 3900.0,
    "rps": 134.6457852156676
  },
  "sustained_ramp": {
    "reqs": 26607,
    "fails": 0,
    "p50": 20.0,
    "p95": 260.0,
    "p99": 7300.0,
    "rps": 148.27188622263213
  },
  "pipeline_lag": {
    "reqs": 10614,
    "fails": 0,
    "p50": 18.0,
    "p95": 1100.0,
    "p99": 2900.0,
    "rps": 119.03108675387969
  }
}